{
  "Run2017B_mu": {
    "n_lumisections": 24280,
    "query": "/SingleMuon/Run2017B-UL2017_MiniAODv2_NanoAODv9-v1/NANOAOD",
    "recorded_lumi_pb": 4803.363110197,
    "run_max": 299329,
    "run_min": 297047
  },
  "Run2017C_mu": {
    "n_lumisections": 51575,
    "query": "/SingleMuon/Run2017C-UL2017_MiniAODv2_NanoAODv9-v1/NANOAOD",
    "recorded_lumi_pb": 9572.666847999,
    "run_max": 302029,
    "run_min": 299368
  },
  "Run2017D_mu": {
    "n_lumisections": 27045,
    "query": "/SingleMuon/Run2017D-UL2017_MiniAODv2_NanoAODv9-v1/NANOAOD",
    "recorded_lumi_pb": 4247.682053019,
    "run_max": 302663,
    "run_min": 302031
  },
  "Run2017E_mu": {
    "n_lumisections": 42831,
    "query": "/SingleMuon/Run2017E-UL2017_MiniAODv2_NanoAODv9-v1/NANOAOD",
    "recorded_lumi_pb": 9312.832061407,
    "run_max": 304797,
    "run_min": 303824
  },
  "Run2017F_mu": {
    "n_lumisections": 58486,
    "query": "/SingleMuon/Run2017F-UL2017_MiniAODv2_NanoAODv9-v1/NANOAOD",
    "recorded_lumi_pb": 13538.886094049,
    "run_max": 306462,
    "run_min": 305040
  }
}